[{"ID":1,"Ram":"16 GB","Harddrive":"2 TB SSD","Peripherals":"4 x USB 3.0, 4 x USB 2.0","GraphicsCard":"NVIDIA GeForce GTX 770","Weight":"18.1 kg","Power":"500 W PSU","CPU":"\u00A0Intel\u00AE Celeron\u2122 N3050 Processor","Edit":false},{"ID":2,"Ram":"16 GB","Harddrive":"2 TB HDD","Peripherals":"3 x USB 3.0, 4 x USB 2.0","GraphicsCard":"NVIDIA GeForce GTX 960","Weight":"12 kg","Power":"500 W PSU","CPU":"AMD FX 4300 Processor","Edit":false},{"ID":3,"Ram":"4GB","Harddrive":"3 TB HDD","Peripherals":"4 x USB 3.0, 4 x USB 2.0","GraphicsCard":"Radeon R7360","Weight":"16 lb","Power":"450 W PSU","CPU":"AMD Athlon Quad-Core APU Athlon 5150","Edit":false},{"ID":4,"Ram":"16 GB","Harddrive":"4 TB HDD","Peripherals":"5 x USB 2.0, 4 x USB 3.0","GraphicsCard":"NVIDIA GeForce GTX 1080","Weight":"13.8 lb","Power":"500 W PSU","CPU":"AMD FX 8-Core Black Edition FX-8350","Edit":false},{"ID":5,"Ram":"64 GB","Harddrive":"750 GB SDD","Peripherals":"2 x USB 3.0, 2 x USB 2.0, 1 x USB C","GraphicsCard":"Radeon RX 480","Weight":"7 kg","Power":"1000 W PSU","CPU":"AMD FX 8-Core Black Edition FX-8370","Edit":false},{"ID":7,"Ram":"8 GB","Harddrive":"2 TB HDD","Peripherals":"8 x USB 3.0","GraphicsCard":"NVIDIA GeForce GTX 1080","Weight":"15 lb","Power":"1000 W PSU","CPU":"Intel\u00AE Core\u2122 i5-6400 Processor","Edit":false},{"ID":8,"Ram":"16 GB","Harddrive":"500 GB SDD","Peripherals":"4 x USB 2.0","GraphicsCard":"NVIDIA GeForce GTX 770","Weight":"8 lb","Power":"750 W PSU","CPU":"Intel\u00AE Core\u2122 i5-6400 Processor","Edit":false},{"ID":9,"Ram":"2 GB","Harddrive":"2 TB HDD","Peripherals":"10 x USB 3.0, 10 x USB 2.0, 10 x USB C","GraphicsCard":"AMD FirePro W4100","Weight":"9 kg","Power":"508 W PSU","CPU":"Intel Core i7 Extreme Edition 3 GHz Processor","Edit":false},{"ID":10,"Ram":"512 MB","Harddrive":"80 GB SSD","Peripherals":"19 x USB 3.0, 4 x USB 2.0","GraphicsCard":"Radeon RX 480","Weight":"22 lb","Power":"700 W PSU","CPU":"Intel\u00AE Core\u2122 i5-6400 Processor","Edit":false}]